{
  "02": "your or my two cents worth also seen as m",
  "10q": "thank you",
  "1174": "nude club",
  "121": "one to one",
  "123": "i agree",
  "1337": "elite ",
  "14": "it refers to the fourteen words",
  "142n8ly": "unfortunately",
  "143": "i love you",
  "1432": "i love you too",
  "14aa41": "one for all and all for one",
  "182": "i hate you",
  "187": "murder",
  "19": "0 hand",
  "1daful": "wonderful",
  "1v4": "one vs four",
  "2": "to",
  "20": "location",
  "2b": "to be",
  "2b or not 2b": "to be or not to be",
  "2bz4uqt": "too busy for you cutey",
  "2d4": "to die for",
  "2day": "today",
  "2dloo": "toodle oo",
  "2g2b4g": "too good to be forgotten",
  "2g2bt": "too good to be true",
  "2moro": "tomorrow",
  "2nite": "tonight",
  "2qt": "too cute",
  "2u2": "to you too",
  "303": "mom",
  "4": "for four",
  "403": "deny access to",
  "404": "i havent a clue",
  "411": "information",
  "420": "marijuana",
  "459": "i love you",
  "4col": "for crying out loud",
  "4e": "forever",
  "4eae": "forever and ever",
  "4eva": "forever",
  "4ever": "forever",
  "4fs": "for f\u2019s sake",
  "4nr": "foreigner",
  "4q": "f you",
  "511": "too much information",
  "53x": "sex",
  "5fs": "5 finger salute",
  "747": "lets fly",
  "775": "kiss me",
  "7k": "sick:-d laugher",
  "8": "ate",
  "831": "i love you",
  "86": "out of over to get rid of or kicked out",
  "88": "hugs and kisses",
  "8t": "it",
  "9": "parent is watching",
  "99": "parent is no longer watching",
  "996": "work 9am9pm 6 days a week",
  "a2d": "agree to disagree",
  "a3": "anytime anyplace anywhere",
  "aaaaa": "american association against acronym abuse",
  "aaf": "as a friend ",
  "aak": "asleep at keyboard",
  "aamof": "as a matter of fact",
  "aamoi": "as a matter of interest",
  "aap": "anarchy arrogance pollution",
  "aar": "at any rate",
  "aar8": "at any rate",
  "aas": "alive and smiling",
  "aatk": "always at the keyboard",
  "atk": "at the keyboard",
  "aayf": "as always your friend",
  "ab": "ass backwards ",
  "abc": "always be creatingcommunicating ",
  "abcd": "artificial intelligence blockchain cloud data",
  "abh": "anywhere but here",
  "abithiwtitb": "a bird in the hand is worth two in the bush",
  "abk": "always be knolling",
  "abt2": "about to",
  "acc": "actually",
  "acd": "alt control delete",
  "ace": "access control entry",
  "ack": "acknowledgement",
  "acorn": "a completely obsessive really nutty person",
  "adad": "another day another dollar",
  "adbb": "all done bye bye",
  "add": "address",
  "addy": "address",
  "adidas": "all day i dream about sex",
  "adih": "another day in hell",
  "adip": "another day in paradise",
  "adm": "aye dios mio",
  "adn": "advanced digital network ",
  "adr": "address",
  "advd": "advised",
  "aeap": "as early as possible",
  "af": "as f or after fate",
  "afagay": "a friend as good as you",
  "afahmasp": "a fool and his money are soon parted",
  "afaic": "as far as im concerned",
  "afaics": "as far as i can see",
  "afaict": "as far as i can tell",
  "afaik": "as far as i know",
  "afair": "as far as i remember",
  "afaiu": "as far as i understand",
  "afaiui": "as far as i understand it",
  "afap": "as far as possible",
  "afayc": "as far as youre concerned",
  "afc": "away from computer",
  "afdn": "any fing day now",
  "afgo": "another fing growth opportunity",
  "afiaa": "as far as i am aware",
  "afiniafi": "a friend in need is a friend indeed",
  "afj": "april fools joke",
  "afk": "away from keyboard ",
  "afpoe": "a fresh pair of eyes",
  "aft": "about fing time",
  "afu": "all fed up",
  "afw": "away from window",
  "afz": "acronym free zone",
  "agb": "almost good bridge",
  "agig": "american girl instagram",
  "agkwe": "and god knows what else",
  "ai": "artificial intelligence ",
  "aiamu": "and im a monkeys uncle",
  "aight": "all right",
  "aih": "as it happens",
  "aimb": "as i mentioned before",
  "aimp": "always in my prayers",
  "aisb": "as i said before",
  "aise": "as i said earlier",
  "aisi": "as i see it",
  "aitr": "adult in the room",
  "aka": "also known as",
  "alap": "as late as possible",
  "alcon": "all concerned",
  "alol": "actually laughing out loud",
  "alotbsol": "always look on the bright side of life",
  "altg": "act locally think globally",
  "alw": "aint life wonderful",
  "ama": "ask me anything",
  "amap": "as many as possible ",
  "ambw": "all my best wishes",
  "amf": "adios mother fer",
  "aml": "all my love",
  "amosc": "add me on snapchat",
  "amp": "accelerated mobile pages",
  "amrmtyfts": "all my roommates thank you for the show",
  "anfawfos": "and now for a word from our sponsor",
  "anfscd": "and now for something completely different",
  "angb": "almost nearly good bridge",
  "aoas": "all of a sudden",
  "aob": "abuse of bandwidth",
  "aon": "apropos of nothing",
  "aor": "agency on record ",
  "aoyp": "angel on your pillow",
  "ap": "apple pie",
  "apac": "asiapacific",
  "apu": "as per usual",
  "ar": "action required ",
  "as": "ape sh ",
  "asafp": "as soon as fing possible",
  "asamof": "as a matter of fact",
  "asap": "as soon as possible",
  "asaygt": "as soon as you get this",
  "asl": "age sex location",
  "aslmh": "agesexlocationmusichobbies",
  "asmr": "autonomous sensory meridian response",
  "atab": "aint that a bitch",
  "atbims": "all these bitches is my sons",
  "atc": "any two cards",
  "atm": "at the moment ",
  "atsl": "along the same line",
  "atst": "at the same time",
  "atw": "all the web around the web all the way at the weekend",
  "atwd": "agree that we disagree",
  "aunt": "and u know this",
  "auntm": "and u know this man",
  "awc": "after while crocodile",
  "awgthtgtta": "are we going to have to go through this again",
  "awhfy": "are we having fun yet",
  "awltp": "avoiding work like the plague",
  "awniac": "all we need is another chair",
  "awol": "absent without leave",
  "aws": "awesome ",
  "awttw": "a word to the wise",
  "ax": "across",
  "ayc": "arent you clever ",
  "ayce": "all you can eat",
  "ayeg": "are you even goth",
  "ayfkmwts": "are you fing kidding me with this sh",
  "ayk": "as you know",
  "aymm": "are you my mother",
  "ayor": "at your own risk",
  "aysos": "are you stupid or something",
  "aytmtb": "and youre telling me this because",
  "ayv": "are you vertical",
  "b2a": "businesstoanyone",
  "b2b": "businesstobusiness",
  "b2b2c": "businesstobusinesstoconsumer",
  "b2c": "businesstoconsumer",
  "b2d": "businesstodistributor",
  "b2e": "businesstoemployee",
  "b2g": "businesstogovernment",
  "b4": "before",
  "b4n": "bye for now",
  "b4u": "before you",
  "b4yki": "before you know it",
  "baby": "being annoyed by you",
  "bac": "bad ass chick",
  "bae": "before anyone else",
  "baeb": "before anyone else babe",
  "baesbo": "before anyone else so back off",
  "bag": "busting a gut ",
  "bak": "back at keyboard",
  "bame": "black asian and minority ethnic",
  "bamf": "bad ass mother fer",
  "barb": "buy abroad but rent in britain",
  "base": "buildings antennas spans earth",
  "bau": "business as usual",
  "bb": "be back ",
  "bb4n": "bye bye for now",
  "bbamfic": "big bad ass mother fer in charge",
  "bbb": "bye bye babe ",
  "bbbg": "bye bye be good",
  "bbfbbm": "body by fisher brains by mattel",
  "bbfn": "bye bye for now",
  "bbiab": "be back in a bit",
  "bbiaf": "be back in a few",
  "bbias": "be back in a sec",
  "bbiaw": "be back in a while",
  "bbl": "be back later",
  "bbmfic": "big bad mother fer in charge",
  "bbq": "barbque ",
  "bbr": "burnt beyond repair",
  "bbs": "be back soon",
  "bbsd": "be back soon darling",
  "bbsl": "be back sooner or later",
  "bbt": "be back tomorrow",
  "bbw": "big beautiful woman ",
  "bc": "because",
  "bcbg": "bon chic bon genre ",
  "bcbs": "big company big school",
  "bcnu": "be seeing you",
  "bcoz": "because",
  "bd": "big deal ",
  "bdbi5m": "busy daydreaming back in 5 minutes",
  "bdc": "big dumb company ",
  "bde": "big dick energy",
  "bdn": "big damn number",
  "bdoa": "brain dead on arrival",
  "bdsm": "bondage dominance sadism masochism",
  "beg": "big evil grin",
  "beos": "nudge",
  "bf": "boyfriend ",
  "bf4l": "best friends for life",
  "bfbo": "blinding flash of the bloody obvious",
  "bfd": "big fing deal ",
  "bfe": "bum f egypt",
  "bff": "best friends forever ",
  "bffn": "best friends for now",
  "bfftte": "best friends forever til the end",
  "bffw": "best friends forever work",
  "bfg": "big fing gun",
  "bfn": "bye for now",
  "bfr": "big fing rock",
  "bg": "be good",
  "bgbc": "be glad be cheerful",
  "bgf": "best girlfriend",
  "bhag": "big hairy audacious goal",
  "bhg": "big hearted guy ",
  "bhimbgo": "bloody hell i must be getting old",
  "bhof": "bald headed old fart",
  "bi": "business intelligence",
  "bi5": "back in five",
  "bibi": "bye bye",
  "bible": "basic instructions before leaving earth",
  "bibo": "beer in beer out",
  "bif": "basis in fact ",
  "bil": "brotherinlaw ",
  "bio": "bring it on",
  "bioiya": "break it off in your ass",
  "bion": "believe it or not",
  "bioya": "blow it out your ass",
  "bioye": "blow it out your ear",
  "bioyiop": "blow it out your io port",
  "bioyn": "blow it out your nose",
  "bitch": "basically in the clear homey",
  "bitd": "back in the day",
  "bitfob": "bring it the f on bitch",
  "biz": "business",
  "bj": "blow job",
  "bka": "better known as",
  "bl": "belly laughing",
  "blast": "bilateral alternating stimulation tactile",
  "blbblb": "back like bull brain like bird",
  "bld": "breakfast lunch dinner",
  "blkbry": "blackberry",
  "blzrd": "blizzard",
  "bm": "byte me",
  "bmf": "bad mother fer",
  "bmgwl": "busting my gut with laughter",
  "bmoc": "big man on campus",
  "bmof": "bite me old fart",
  "bmota": "byte me on the ass",
  "bms": "baby making sex",
  "bmw": "btch moan whine",
  "bn": "been ",
  "bndn": "been nowhere done nothing",
  "bnf": "big name fan",
  "bo": "bug off ",
  "boaisy": "bend over and ill show you",
  "boat": "bust out another thousand",
  "bob": "battery operated boyfriend",
  "bobfoc": "body off baywatch face off crimewatch",
  "boctaae": "but of course there are always exceptions",
  "bod": "benefit of the doubt ",
  "bofh": "bastard operator from hell",
  "boh": "bros over hoes",
  "bohica": "bend over here it comes again",
  "bol": "bark out loud",
  "bon": "believe it or not",
  "book": "cool",
  "botec": "back of the envelope calculation",
  "botl": "bra on the loose",
  "botoh": "but on the other hand",
  "botus": "bot of the united states",
  "bplm": "big person little mind",
  "br": "bathroom",
  "brb": "be right back",
  "brics": "brazil russia india china south africa",
  "brl": "belly roll laughs",
  "bro": "be right over",
  "brt": "be right there",
  "bruf": "big requirements up front",
  "bs": "big smile ",
  "bsaaw": "big smile and a wink",
  "bseg": "big sh eating grin",
  "bsf": "but seriously folks",
  "bsod": "blue screen of death",
  "bt": "byte this",
  "bta": "but then again ",
  "btd": "bored to death",
  "btdt": "been there done that",
  "btdtgts": "been there done that got the tshirt",
  "btfldy": "beautiful day",
  "btfo": "back the f off ",
  "bthoom": "beats the heck out of me",
  "bti": "bash twitter idiocy",
  "btn": "better than nothing",
  "btoiya": "be there or its your ass",
  "btr": "better",
  "btsoom": "beats the sh out of me",
  "btte": "brothers to the end",
  "bttp": "back to the past",
  "bttt": "back to the top ",
  "btw": "by the way ",
  "btwbo": "be there with bells on",
  "btwitiailwu": "by the way i think i am in love with you",
  "btyc": "better than you can",
  "btyd": "better than you do",
  "buff": "big ugly fat f",
  "buhbye": "bye",
  "bump": "bring up my post",
  "bw": "best wishes",
  "bwdik": "but what do i know",
  "bwi": "but what if",
  "bwl": "bursting with laughter",
  "bwo": "black white or other",
  "bwtm": "but wait theres more",
  "byam": "between you and me",
  "byki": "before you know it",
  "bykt": "but you knew that",
  "byoa": "bring your own advil",
  "byob": "bring your own bottle ",
  "byod": "bring your own device",
  "byop": "bring your own pencil",
  "byow": "build your own website ",
  "bytme": "better you than me",
  "bz": "busy",
  "c ya": "see ya",
  "c4n": "ciao for now",
  "caac": "cool as a cucumber",
  "cal": "cyberathlete amateur league",
  "cas": "crack a smile",
  "cb": "chat brat ",
  "cbb": "cant be bothered",
  "cbd": "it stands for cannabidiol aka ",
  "cbf": "cant be fed",
  "cbj": "covered blow job",
  "cbm": "covered by medicare",
  "cbot": "centered backgrounds on twitter",
  "cbt": "computer based training ",
  "cc": "carbon copy",
  "ccot": "conservative christians on twitter",
  "ccw": "cute crush wednesday",
  "cd": "carpe diem ",
  "cd9": "parents are around",
  "cf": "coffee freak ",
  "cfv": "call for vote",
  "cha": "click here asshole",
  "chln": "chilling",
  "ciao": "goodbye in italian",
  "cico": "coffee in coffee out",
  "cicyhw": "can i copy your home work",
  "cid": "consider it done ",
  "cil": "check in later",
  "cinba": "clad in naught but air",
  "cio": "check it out ",
  "cito": "cache in trash out",
  "cld": "cold",
  "clm": "career limiting move",
  "cm": "call me",
  "cmao": "chortling my ass off",
  "cmap": "cover my ass partner",
  "cmb": "call me back",
  "cmf": "count my fingers",
  "cmiw": "correct me if im wrong",
  "cmsu": "cracking myself up",
  "cmu": "crack me up",
  "cn": "can",
  "cnp": "continued in next post",
  "cob": "close of business",
  "cobras": "come on by right after school",
  "cod": "change of dressing",
  "cofs": "church of scientology",
  "col": "chuckle out loud ",
  "coo": "short for ",
  "cos": "change of subject",
  "cot": "circle of trust",
  "cpa": "cost per action ",
  "cpc": "cost per click ",
  "cpg": "consumer packaged goods",
  "cpl": "cost per lead",
  "cqrt": "security",
  "cqts": "chuckling quietly to self",
  "craft": "cant remember a fing thing",
  "crap": "cheap redundant assorted products",
  "crat": "cant remember a thing",
  "craws": "cant remember anything worth a sh",
  "crb": "come right back",
  "crbt": "crying real big tears",
  "crd": "caucasian rhythm disorder ",
  "crdtchck": "credit check",
  "crs": "cant remember sh ",
  "crtla": "cant remember the threeletter acronym",
  "cs": "career suicide",
  "csa": "cool sweet awesome",
  "csabr": "continued success and best regards",
  "csl": "cant stop laughing",
  "csn": "chuckle snicker grin",
  "ct": "cant talk ",
  "cta": "call to action",
  "ctc": "care to chat ",
  "ctfd": "calm the f down",
  "ctfo": "come the f on",
  "ctfu": "cracking the f up",
  "ctmq": "chuckle to myself quietly",
  "cto": "check this out",
  "cu": "see you ",
  "cu46": "see you for sex",
  "cua": "clean up afterwards",
  "cuatsc": "see you at the senior center",
  "cuatu": "see you around the universe",
  "cul": "see you later",
  "cul8r": "see you later",
  "cula": "see you later alligator",
  "cuns": "see you in school",
  "cunt": "see you next time ",
  "cuol": "see you online",
  "cupl": "couple",
  "cuwta": "catch up with the acronyms",
  "cuz": "because",
  "cwot": "complete waste of time",
  "cwyl": "chat with you later",
  "cx": "cancelled",
  "cxo": "chief insert title here officer",
  "cy": "calm yourself",
  "cya": "see you",
  "cye": "check your email",
  "cyl": "see you later",
  "cym": "check your mail",
  "cyo": "see you online",
  "cyoh": "create your own happening",
  "cyt": "see you tomorrow",
  "d00d": "dude also seen as dood",
  "d2d": "developertodeveloper or daytoday",
  "d8": "date",
  "da": "there",
  "dafuq": "what the f",
  "damhikt": "dont ask me how i know that",
  "danny": "duplicating anothers not necessarily yours",
  "darfc": "ducking and running for cover",
  "dash": "dumb ass stupid head",
  "dba": "doing business as ",
  "dbabai": "dont be a bitch about it",
  "dbbswf": "dream boat body shipwreck face",
  "dbd": "dont be dumb",
  "dbeyr": "dont believe everything you read",
  "dbmib": "dont bother me im busy",
  "dd": "due diligence",
  "ddas": "dont do anything stupid",
  "ddg": "drop dead gorgeous",
  "ddsos": "different day same old sh",
  "ddwi": "dont dick with it",
  "dea": "drinking every afternoon",
  "def": "definitely",
  "defo": "definitely",
  "degt": "dont even go there",
  "dem": "them",
  "denial": "dont even notice i am lying",
  "dese": "these",
  "deti": "dont even think it",
  "detweet": "delete a tweet",
  "dewd": "dude",
  "dey": "they",
  "df": "dear friend",
  "dfik": "darn if i know",
  "dfla": "disenhanced fourletter acronym that is a tla",
  "dftba": "dont forget to be awesome",
  "dfu": "dont f up",
  "dfwly": "dont forget who loves you",
  "dga": "dont go anywhere",
  "dgaf": "dont give a f",
  "dgara": "dont give a rats ass",
  "dgt": "dont go there",
  "dgtg": "dont go there girlfriend",
  "dgyf": "damn girl youre fine",
  "dh": "dear husband",
  "dhyb": "dont hold your breath",
  "diaf": "die in a fire",
  "dic": "drunk in charge",
  "difbet": "whats the difference between",
  "diku": "do i know you",
  "dilligad": "do i look like i give a damn",
  "dilligas": "do i look like i give a sh",
  "dink": "double incomes no kids",
  "dino": "democrat in name only",
  "dinr": "dinner",
  "dirft": "do it right the first time",
  "disto": "did i say that outloud",
  "ditr": "dancing in the rain",
  "ditto": "same here",
  "dityid": "did i tell you im distressed",
  "diy": "do it yourself",
  "djm": "dont judge me",
  "dk": "dont know",
  "dkdc": "dont know dont care",
  "dl": "down low ",
  "dltbbb": "dont let the bed bugs bite",
  "dltm": "dont lie to me",
  "dm": "direct message",
  "dmi": "dont mention it",
  "dnbl8": "do not be late",
  "dnc": "does not compute",
  "dnd": "do not disturb",
  "dnf": "did not find",
  "dnpmpl": "damn near pissed my pants laughing",
  "dnr": "do not resuscitate",
  "doa": "dead on arrival",
  "doc": "drug of choice",
  "doe": "depends on experience",
  "doei": "goodbye in dutch",
  "dog": "depend on god",
  "doh": "its an expression of frustration",
  "dord": "department of redundancy department",
  "dos": "dad over shoulder ",
  "dp": "domestic partner",
  "dps": "damage per second",
  "dpup": "dont poop your pants",
  "dqmot": "dont quote me on this",
  "dqydj": "dont quit your day job",
  "drb": "dirty rat bastard",
  "drcowoto": "dont really care one way or the other",
  "drib": "dont read if busy",
  "dsl": "digital subscriber line ",
  "dstr8": "damn straight",
  "dtc": "deep throaty chuckle",
  "dtf": "down to f",
  "dtk": "down to kill",
  "dtr": "define the relationship",
  "dtrt": "do the right thing",
  "dui": "driving under the influence",
  "dum": "do you masturbate",
  "duna": "dont use no acronyms",
  "dunno": "i dont know",
  "dur": "do you remember",
  "durs": "damn you are sexy",
  "dusl": "do you scream loud",
  "dust": "did you see that",
  "dw": "dont worry",
  "dw2h": "dont work too hard",
  "dwb": "dont write back",
  "dwbh": "dont worry be happy",
  "dweet": "drunk tweet",
  "dwh": "during work hours",
  "dwi": "driving while intoxicated",
  "dwpkotl": "deep wet passionate kiss on the lips",
  "dws": "driving while stupid",
  "dwwwi": "surfing the world wide web while intoxicated",
  "dwym": "does what you mean",
  "dyac": "damn you auto correct",
  "dyd": "dont you dare",
  "dyfm": "dude you fascinate me",
  "dyhab": "do you have a boyfriend",
  "dyhag": "do you have a girlfriend",
  "dyjhiw": "dont you just hate it when",
  "dyli": "do you love it",
  "dyofdw": "do your own fing dirty work",
  "dystsott": "did you see the size of that thing",
  "e123": "easy as one two three",
  "e2ho": "each to hisher own",
  "eabos": "eat a bag of sh",
  "eadd": "entrepreneurial attention deficit disorder",
  "eak": "eating at keyboard",
  "eapfs": "everything about pittsburgh fing sucks",
  "ed": "erectile dysfunction",
  "edm": "electronic document management ",
  "ee": "electronic emission",
  "ees": "employees",
  "effin": "fing",
  "eft": "electronic funds transfer",
  "eg": "evil grin",
  "egot": "emmy grammy oscar tony",
  "ehe": "emos hate everyone",
  "eht": "ehashtag on twitter",
  "eip": "eggo is preggo",
  "el": "evil laugh",
  "elol": "evil laugh out loud",
  "em": "excuse me",
  "ema": "email address",
  "embm": "early morning business meeting",
  "emdr": "eye movement desensitization  reprocessing",
  "emea": "europe the middle east and africa",
  "emfbi": "excuse me for butting in",
  "emfji": "excuse me for jumping in",
  "emi": "excuse my ignorance",
  "eml": "email me later",
  "emp": "eat my pussy ",
  "emrtw": "evil monkeys rule the world",
  "emsg": "email message",
  "eod": "end of day ",
  "eol": "end of life",
  "eom": "end of message",
  "eot": "end of threadtexttransmission",
  "eow": "end of watch",
  "esad": "eat sh and die",
  "esadyfa": "eat sh and die you fing asshole",
  "esemed": "every second every minute every day",
  "esfoad": "eat sh foff and die",
  "esg": "environmental social governance",
  "esh": "experience strength and hope",
  "esmf": "eat sh mother fer",
  "eso": "equipment smarter than operator",
  "eta": "estimated time of arrival ",
  "etx": "end of text",
  "every1": "everyone",
  "evre1": "every one",
  "ewi": "emailing while intoxicated",
  "eyd": "enjoy your day",
  "eyfd": "enjoy your fing day",
  "ez": "easy",
  "f2f": "facetoface aka face time",
  "f2fmail": "facetoface mail",
  "f2t": "free to talk",
  "f4f": "follow for follow",
  "faangs": "aka the ",
  "fab": "features attributes benefits",
  "fae": "finally an explanation",
  "faf": "find a friend",
  "fah": "fing a hot",
  "faith": "forsaking all i trust in him",
  "fap": "fing a pissed",
  "faq": "frequently asked questions",
  "faql": "frequently asked questions list",
  "fasb": "fast ass son bitchii",
  "fatc": "fork a twitter client",
  "fatm": "foaming at the mouth",
  "fav": "favorite",
  "fawc": "for anyone who cares",
  "fawomft": "frequently argued waste of my fing time",
  "fay": "f all yall",
  "fb": "f buddy ",
  "fbi": "fing brilliant idea ",
  "fbks": "failure between keyboard and seat",
  "fbocd": "facebook obsessive compulsive disorder",
  "fcfs": "first come first served",
  "fcol": "for crying out loud",
  "fcs": "first customer ship",
  "fc": "fingers crossed",
  "fdff": "falling down fing funny",
  "fdgb": "fall down go boom",
  "fdu": "fresher than you",
  "fe": "fatal error",
  "fear": "forget everything and run face everything and recover false evidence appearing real",
  "ff": "friends forever",
  "ffa": "free for all",
  "ffs": "for f sake",
  "fft": "food for thought",
  "fgdai": "fuhgedaboudit ",
  "fgf": "fine guy friday",
  "fho": "friends hanging out",
  "fif": "f im funny",
  "fifo": "first in first out",
  "figjam": "f im good just ask me",
  "figmo": "f it got my orders",
  "figs": "french italian german spanish",
  "fiik": "f if i know",
  "fil": "fatherinlaw",
  "filf": "father id like to f",
  "filo": "first in last out",
  "filth": "failed in london try hong kong",
  "fine": "fed up insecure neurotic emotional ",
  "finsta": "fake instagram",
  "fire": "financial independence retire early",
  "fish": "first in still here",
  "fitb": "fill in the blanks",
  "fitymi": "fake it til you make it",
  "fkm": "f em",
  "fla": "four letter acronym",
  "flotus": "first lady of the united states",
  "fluid": "fing look it up i did",
  "fml": "f my life",
  "fmltwia": "f me like the whore i am",
  "fmot": "follow me on twitter",
  "fmtyewtk": "far more than you ever wanted to know",
  "fmuta": "f me up the ass",
  "fng": "fing new guy",
  "fo": "f off",
  "foad": "f off and die",
  "foaf": "friend of a friend",
  "foag": "f off and google",
  "fob": "frequency operated button aka key ",
  "foc": "free of charge",
  "foe": "family over everything",
  "fofl": "falling on floor laughing",
  "fogc": "fear of getting caught",
  "foh": "f outta here",
  "fol": "fond of leather",
  "folo": "fear of losing out ",
  "fomc": "fell off my chair",
  "fomcl": "falling off my chair laughing",
  "fomo": "fear of missing out",
  "fomof": "fear of missing out on football",
  "foot": "f off over there ",
  "ford": "found on road dead fixed or repaired daily fed over rebuilt dodge",
  "fos": "full of sh",
  "fouo": "for official use only",
  "fpo": "for placement only",
  "fred": "fing ridiculous electronic device",
  "frog": "fully rely on god",
  "frzn": "freezing",
  "fs": "for sale",
  "fsbo": "for sale by owner",
  "fsr": "for some reason",
  "fstow": "feeling some type of way",
  "fsu": "f sh up",
  "ftad": "facebook twitter addict disorder",
  "ftasb": "faster than a speeding bullet",
  "ftbl": "football",
  "ftbomh": "from the bottom of my heart",
  "ftc": "failure to communicate ",
  "fte": "full time employee",
  "ftf": "f thats funny face to face first to find",
  "ftfoi": "for the fun of it ",
  "ftl": "faster than light",
  "ftlog": "for the love of god",
  "ftn": "f that noise",
  "ftr": "for the record",
  "ftrf": "f thats really funny",
  "fttb": "for the time being",
  "ftw": "for the win ",
  "fu2": "f you too",
  "fub": "fat ugly bastard",
  "fubar": "fed up beyond all recognition or repair",
  "fubarbundy": "fked up beyond all recovery but unfortunately not dead yet",
  "fubb": "fed up beyond belief",
  "fubyoyo": "f you buddy youre on your own",
  "fud": "fear uncertainty and disinformation",
  "fujimo": "f you jack im movin on",
  "fum": "fed up mess",
  "fumf": "fat ugly mother fer",
  "fupa": "fat upper pussy area",
  "furtb": "filled up and ready to burst",
  "fuw": "f you world ",
  "fwb": "friends with benefits",
  "fwd": "forward",
  "fwiw": "for what its worth ",
  "fwot": "fing waste of time",
  "fya": "for your amusement",
  "fyc": "for your consideration",
  "fye": "for your edification",
  "fyeo": "for your eyes only",
  "fyf": "from your friend",
  "fyi": "for your information",
  "fyifv": "f you im fully vested",
  "fyltge": "from your lips to gods ears",
  "fym": "for your misinformation",
  "fysbigtbabn": "fasten your seat belts its going to be a bumpy night",
  "g1": "good one",
  "g2g": "got to go",
  "g2glys": "got to go love ya so",
  "g4i": "go for it",
  "g4n": "good for nothing",
  "g9": "genius",
  "g98t": "good night",
  "ga": "go ahead ",
  "gab": "getting a beer",
  "gafa": "google apple facebook amazon",
  "gafl": "get a fing life",
  "gafyk": "get away from your keyboard",
  "gagfi": "gives a gay first impression",
  "gahoy": "get a hold of yourself",
  "gal": "get a life",
  "galgal": "give a little get a little",
  "galher": "get a load of her",
  "galhim": "get a load of him",
  "ganb": "getting another beer",
  "gap": "got a pic ",
  "gas": "got a second",
  "gawd": "god",
  "gb": "good bridge",
  "gbg": "great big grin",
  "gbh": "great big hug",
  "gbp": "gay boy problems",
  "gbtw": "get back to work",
  "gc": "good crib",
  "gd": "god damn ",
  "gdi": "god damn it ",
  "gdpr": "general data protection regulation",
  "gdw": "grin duck and wave",
  "gf": "girlfriend",
  "gfe": "good faith estimate ",
  "gff": "go fing figure",
  "gfi": "go for it",
  "gfn": "gone for now",
  "gfon": "good for one night",
  "gfr": "grim file reaper",
  "gftd": "gone for the day",
  "gftu": "good for the universe",
  "gfy": "good for you ",
  "gfymf": "go f yourself mother fer",
  "gg": "good game ",
  "gga": "good game all",
  "gggg": "god god god god",
  "ggn": "gotta go now",
  "ggoh": "gotta get out of here",
  "ggp": "gotta go pee",
  "ggpbl": "gotta go pacemaker battery low",
  "ggy": "go google yourself",
  "ghm": "god help me",
  "gi": "google it",
  "gic": "gift in crib",
  "gidk": "gee i dont know",
  "gigatt": "god is good all the time",
  "gigo": "garbage in garbage out",
  "gilf": "grandmother id like to f",
  "gist": "great ideas for starting things",
  "git": "got it thanks",
  "giwist": "gee i wish id said that",
  "gj": "good job",
  "gjp": "good job partner",
  "gl": "good luck ",
  "gla": "good luck all",
  "glawd": "good luck and well done",
  "glb": "good looking boy",
  "glbt": "gay lesbian bisexual transgender",
  "glg": "good looking girl",
  "glgh": "good luck and good hunting",
  "glws": "good luck with sale",
  "glyasdi": "god loves you and so do i",
  "gm": "good morning ",
  "gmab": "give me a break",
  "gmafb": "give me a fing break",
  "gmh": "gives me hope",
  "gmily": "good morning i love you",
  "gmta": "great minds think alike",
  "gmta asdo": "great minds think alike and so do ours",
  "gmtft": "great minds think for themselves",
  "gn": "good night",
  "gn8": "good night",
  "gnblfy": "got nothing but love for you",
  "gnoc": "get naked on cam",
  "gns": "gangnam style",
  "gnsd": "good night sweet dreams",
  "goat": "greatest of all time",
  "gob": "game on btcheeez",
  "goi": "get over it",
  "gok": "god only knows",
  "gol": "giggling out loud",
  "golf": "grateful of lovely family ",
  "gomb": "get off my back",
  "good job": "get out of debt job",
  "gork": "god only really knows",
  "gos": "gay or straight",
  "gospel": "gods only son provides eternal life",
  "gotdpwyd": "get off the damn phone while youre driving",
  "gotp": "getgetting on the piss",
  "gowi": "get on with it",
  "goyhh": "get off your high horse",
  "gpoy": "gratuitous picture of yourself",
  "gqmf": "gentlemans quarterly mother fer",
  "gr2br": "good riddance to bad rubbish",
  "gr8": "great",
  "grace": "gods riches at christs expense",
  "gras": "generally recognized as safe",
  "gratz": "congratulations",
  "grobr": "good riddance of bad rubbish",
  "grrlz": "girls also seen as grrl",
  "grrr": "growling",
  "grx": "gracias",
  "gsc": "gimme some credit",
  "gsoas": "go sit on a snake",
  "gsoh": "good sense of humor",
  "gstg": "get set to go",
  "gsw": "gun shot wound",
  "gsyjdwurmnkh": "good seeing you just dont wear your monkey hat",
  "gt": "good try",
  "gtasc": "going to a strip club",
  "gtfo": "get the f out",
  "gtfooh": "get the f out of here",
  "gtg": "got to go",
  "gtgb": "got to go bye",
  "gtgp": "got to go pee",
  "gth": "go to hell",
  "gtk": "good to know",
  "gtl": "gym tan laundry",
  "gtm": "giggle to myself",
  "gtp": "game transfer phenomenon",
  "gtrm": "going to read mail",
  "gts": "google that sh",
  "gtsy": "glad to see you",
  "gud": "geographically undesirable",
  "guvment": "government also seen as guvmint gumint",
  "gwi": "get with it",
  "gwot": "glorified waste of time",
  "gws": "get well soon",
  "gyhooya": "get your head out of your ass",
  "gylabtw": "get your lazy ass back to work",
  "gypo": "get your pants off",
  "h2cus": "hope to see you soon",
  "h2s": "here to stay",
  "h4u": "hot for you",
  "h4xx0r": "hacker ",
  "h9": "husband in room",
  "hadvd": "have advised",
  "hag1": "have a good one",
  "hagd": "have a great day",
  "hagn": "have a good night",
  "hago": "have a good one",
  "hahaha": "laughing",
  "hak": "hugs and kisses",
  "hand": "have a nice day",
  "har": "hit and run",
  "hawtlw": "hello and welcome to last week",
  "hay": "how are you",
  "hb": "hurry back",
  "hbastd": "hitting bottom and starting to dig",
  "hbb": "hip beyond belief",
  "hbib": "hot but inappropriate boy",
  "hbic": "head bitch in charge",
  "hbo": "helping a brother out",
  "hbtu": "happy birthday to you",
  "hbu": "how bout you",
  "hcc": "holy computer crap",
  "hd": "hold",
  "hdgfs": "how does get fed sound",
  "hdm": "honest direct message",
  "hea": "happily ever after",
  "henry": "high earner not rich yet",
  "hf": "hello friend ",
  "hhfo": "hell has frozen over",
  "hhh": "hip hip hooray",
  "hhis": "hanging head in shame",
  "hhoj": "ha ha only joking",
  "hhok": "ha ha only kidding",
  "hhos": "ha ha only serious",
  "hhtyay": "happy holidays to you and yours",
  "hi 5": "high five",
  "hig": "hows it going",
  "hih": "hope it helps",
  "hiooc": "help im out of coffee",
  "hippo": "higher income peoples personal opinions",
  "hitaks": "hang in there and keep smiling",
  "hmfic": "head mofo in charge",
  "hmfwicc": "head mofo what in complete charge",
  "hml": "hit my line",
  "hmot": "hit me on twitter",
  "hmu": "hit me up ",
  "hnti": "how nice thatthis is",
  "hntw": "how nice that was",
  "hny": "happy new year",
  "ho": "hang on ",
  "hodl": "hold on for dear life",
  "hoha": "hollywood hacker",
  "hoic": "hold on im coming",
  "hologram": "aka virtual demonstration holographic technology",
  "hot pic": "hot picture as in sexy or naked",
  "howru": "how are you",
  "hoyew": "hanging on your every word",
  "hp": "higher power",
  "hpoa": "hot piece of ass",
  "hppo": "highest paid person in office",
  "hr": "human resources ",
  "hrcn": "hurricane",
  "hsay": "how single are you",
  "hsiab": "havent seen it all before",
  "hsik": "how should i know",
  "ht": "hi there ",
  "htb": "hang the bastards",
  "hth": "hope this or that helps",
  "htnoth": "hit the nail on the head",
  "hu": "hook up",
  "hua": "heads up ace ",
  "hud": "how you doing",
  "huggle": "hug and snuggle",
  "hugz": "hugs",
  "huh": "what",
  "huya": "head up your ass",
  "hv": "have",
  "hwevr": "however",
  "hwga": "here we go again",
  "hx": "history",
  "i h8 it": "i hate it",
  "iac": "in any case ",
  "iae": "in any event",
  "iagtkom": "i aint got that kind of money",
  "iaits": "its all in the subject",
  "ianac": "i am not a crook",
  "ianadbipootv": "i am not a doctor but i play one on tv",
  "ianae": "i am not an expert",
  "ianal": "i am not a lawyer",
  "iannngc": "i am not nurturing the next generation of casualties",
  "iasap4u": "i always say a prayer for you",
  "iat": "i am tired",
  "iaw": "i agree with ",
  "iaym": "i am your master",
  "ibgybg": "ill be gone youll be gone",
  "ibiwisi": "ill believe it when i see it",
  "ibk": "idiot behind keyboard",
  "ibrb": "ill be right back",
  "ibt": "in between technology",
  "ibtc": "itty bitty titty committee",
  "ibtd": "i beg to differ",
  "ibtl": "in before the lock",
  "ic": "i see",
  "icq": "i seek you",
  "icbw": "i could be wrong",
  "icbwicbm": "it could be worse it could be me",
  "iccl": "i couldnt care less",
  "icihicpcl": "i cant imagine how i could possibly care less",
  "icw": "i cant wait",
  "icwum": "i see what you mean",
  "icyc": "in case youre curious ",
  "icymi": "in case you missed it",
  "id10t": "idiot",
  "idbi": "i dont believe it",
  "idc": "i dont care",
  "idek": "i dont even know",
  "idewtk": "i dont even want to know",
  "idgad": "i dont give a damn",
  "idgaf": "i dont give a f",
  "idgara": "i dont give a rats ass",
  "idghp": "i dont get hashtag phrases",
  "idgi": "i dont get it ",
  "idiftl": "i did it for the lulz",
  "idk": "i dont know",
  "idkabtt": "i dont know about that",
  "idkwtd": "i dont know what to do",
  "idky": "i dont know you",
  "idm": "it doesnt matter",
  "idnkt": "i did not know that",
  "idrk": "i dont really know",
  "idst": "i didnt say that",
  "idta": "i did that already",
  "idtbbf": "i deserve to be blown first",
  "idts": "i dont think so",
  "idwtub": "i dont want to upset you but",
  "ief": "its esthers fault",
  "ifab": "i found a bug",
  "ifh8tabx": "i fing hate this acronym bollocks",
  "ifu": "i fed up",
  "igers": "instagrammers",
  "iggp": "i gotta go pee",
  "igtp": "i get the point",
  "igws": "it goes without saying",
  "igwst": "it goes without saying that",
  "igyhtbt": "i guess you had to be there",
  "iha": "i hate acronyms",
  "ihaim": "i have another instant message",
  "ihnc": "i have no clue",
  "ihno": "i have no opinion",
  "ihr": "involuntary hormonal reaction",
  "ihtfp": "i have truly found paradise ",
  "ihu": "i hear you",
  "ihy": "i heart you ",
  "iiabdfi": "if it aint broke dont fix it",
  "iiio": "intel inside idiot outside",
  "iimad": "if it makes any difference",
  "iinm": "if im not mistaken",
  "iir": "if i remember ",
  "iirc": "if i remember correctly ",
  "iit": "is it tight",
  "iitlyto": "if its too loud youre too old",
  "iitm": "its in the mail",
  "iitywimwybmad": "if i tell you what it means will you buy me a drink",
  "iitywybmad": "if i tell you will you buy me a drink",
  "iiwii": "it is what it is",
  "iiwm": "if it were me",
  "ij": "inside joke",
  "ijpmp": "i just pissed my pants",
  "ijs": "im just saying",
  "ijwtk": "i just want to know",
  "ijwts": "i just want to say",
  "ikaloplt": "i know a lot of people like that",
  "ikr": "i know right",
  "ikwym": "i know what you mean",
  "ikyabwai": "i know you are but what am i",
  "ila": "i love acronyms",
  "ilbcnu": "ill be seeing you",
  "ilbcnul8r": "ill be seeing you later",
  "ili": "i love it",
  "iliciscomk": "i laughed i cried i spatspilt coffeecrumbscoke on my keyboard",
  "ilmj": "i love my job",
  "ilu": "i love you",
  "iluaaf": "i love you as a friend",
  "ily": "i love you",
  "ily2": "i likelove you too",
  "im": "instant messaging ",
  "im2bz2p": "i am too busy to even pee",
  "ima": "i might add",
  "imao": "in my arrogant opinion",
  "imco": "in my considered opinion",
  "ime": "in my experience",
  "imezru": "i am easy are you",
  "imf": "in my feelings",
  "imfao": "in my fing arrogant opinion",
  "imgc": "i might get caught",
  "imheiuo": "in my high exalted informed unassailable opinion",
  "imhif": "i move how i feel",
  "imho": "in my honest opinion",
  "imi": "i mean it",
  "imjs": "im just saying",
  "imml": "i make myself laugh",
  "imnerho": "in my never even remotely humble opinion",
  "imnsho": "in my not so humble opinion",
  "imo": "in my opinion",
  "imoo": "in my own opinion",
  "imowha": "i made out with himher anyway",
  "impov": "in my point of view",
  "imr": "i mean really",
  "imru": "i am are you",
  "ims": "i am sorry",
  "inbd": "its no big deal",
  "inch": "i\u2019m never coming home",
  "incydk": "in case you didnt know",
  "inmp": "its not my problem",
  "innw": "if not now when",
  "inpo": "in no particular order",
  "inucosm": "its no use crying over spilt milk",
  "ioh": "im outta here",
  "ion": "index of names",
  "iono": "i dont know",
  "iot": "in order to",
  "iottco": "intuitively obvious to the casual observer",
  "iou": "i owe you",
  "ioud": "inside outside upside down",
  "iow": "in other words",
  "ipn": "im posting naked",
  "irl": "in real life",
  "irncot": "id rather not comment on that",
  "isagn": "i see a great need",
  "ish": "insert sarcasm here",
  "iso": "in search of",
  "iss": "i said so ",
  "issoys": "im so sick of your stuff ",
  "issygti": "im so sure you get the idea",
  "istm": "it seems to me",
  "istr": "i seem to remember",
  "iswc": "if stupid were a crime",
  "iswym": "i see what you mean",
  "isyals": "ill send you a letter soon",
  "ita": "i totally agree",
  "itfa": "in the final analysis",
  "itgft": "i thank god for this",
  "itigbs": "i think im going to be sick",
  "itm": "in the money",
  "itma": "its that man again",
  "itmfa": "impeach the mother fer already",
  "its": "intense text sex",
  "its a d8": "its a date",
  "itsfwi": "if the shoe fits wear it",
  "ium": "if you must",
  "iuri": "if you are interested",
  "iwalu": "i will always love you",
  "iwbaptakyaiysta": "i will buy a plane ticket and kick your ass if you say that again",
  "iwbni": "it would be nice if",
  "iwfu": "i wanna f you",
  "iwfy": "i will follow you",
  "iwiwu": "i wish i was you",
  "iwsn": "i want sex now",
  "iwtkcr": "im what the kids call relatable",
  "iyam": "if you ask me",
  "iyaoyas": "if you aint ordinance you aint sh",
  "iycssnasdsaaa": "if you can\u2019t say something nice about someone don\u2019t say anything at all",
  "iyd": "in your dreams",
  "iydmma": "if you dont mind my asking",
  "iyfd": "in your fing dreams",
  "iyfeg": "insert your favorite ethnic group",
  "iykwim": "if you know what i mean",
  "iykwimaityd": "if you know what i mean and i think you do",
  "iynaegbtm": "if you need anything else get back to me",
  "iyo": "in your opinion",
  "iyq": "i like you",
  "iyss": "if you say so",
  "iyswim": "if you see what i mean",
  "j2lyk": "just to let you know",
  "j4f": "just for fun",
  "j4g": "just for grins",
  "j4t": "just for today",
  "jft": "just for today",
  "j5m": "just five minutes",
  "jad": "just another day",
  "jafo": "just another fing onlooker",
  "jafs": "just a fing salesman",
  "jam": "just a minute",
  "jas": "just a second",
  "jata": "just another twitter app",
  "jc": "just curious ",
  "jdi": "just do it",
  "jdmj": "just doing my job",
  "jealz": "jealous",
  "jeomk": "just ejaculated on my keyboard",
  "jfc": "jesus fing christ",
  "jfh": "just f her",
  "jfi": "just for information",
  "jgh": "just got home",
  "jgmb": "just google me btch",
  "jho": "just helping out",
  "jhom": "just helping out my mafia mob neighbors etc",
  "jhomf": "just helping out my friends",
  "jic": "just in case",
  "jk": "just kidding",
  "jly": "jesus loves you",
  "jm2c": "just my 2 cents",
  "jmdtp30": "join me down the pub in 30 mins",
  "jmo": "just my opinion",
  "joml": "jesus on the main line",
  "jomo": "joy of missing out",
  "joott": "just one of those things",
  "joy": "jesus first others second yourself last",
  "jp": "just playing",
  "js": "just saying",
  "jso": "job shaped object",
  "jsu": "just shut up",
  "jsyk": "just so you know",
  "jt": "just teasing",
  "jtlyk": "just to let you know",
  "jtol": "just thinking out loud",
  "jtou": "just thinking of you",
  "juadlam": "jumping up and down like a monkey",
  "jw": "just wondering",
  "k": "o",
  "kab": "kick ass bitch",
  "kb": "kick butt",
  "kbd": "keyboard",
  "kc": "keep cool",
  "kcco": "keep calm  carry on",
  "kewl": "cool",
  "kfb": "kindly follow back",
  "kfy": "kiss for you",
  "k4y": "kiss for you",
  "khyf": "know how you feel",
  "kia": "killed in action",
  "kibo": "knowledge in bullsh out",
  "kippers": "kids in parents pockets eroding retirement savings",
  "kir": "keep it real",
  "kiss": "keep it simple stupid",
  "kit": "keep in touch",
  "kitty": "pussy",
  "kity": "keep it to yourself",
  "kk": "kiss kiss ",
  "kkk": "waiting for your reply",
  "kma": "kiss my ass",
  "kmba": "kiss my black ass",
  "kmfha": "kiss my fat hairy ass",
  "kmim": "keep me in mind",
  "kmp": "keep me posted",
  "kmria": "kiss my royal irish arse",
  "kms": "kill my self",
  "kmsla": "kiss my shiny little ass",
  "kmuf": "kiss me you fool",
  "kmwa": "kiss my white ass",
  "ko": "knocked out",
  "kok": "knock",
  "kotc": "kiss on the cheek",
  "kotl": "kiss on the lips",
  "kpc": "keeping parents clueless",
  "ks": "kill stealer",
  "kudt": "dutch for fed up life",
  "kutgw": "keep up the good work",
  "kwim": "know what i mean",
  "kwsta": "kiss with serious tongue action",
  "kybc": "keep your bum clean",
  "kyfc": "keep your fingers crossed",
  "kync": "keep your nose clean",
  "kypo": "keep your pants on",
  "kyr": "know your rank",
  "kys": "kill yourself",
  "kysoti": "keep your stick on the ice",
  "l8tr": "later",
  "la": "laughing aloud",
  "labatyd": "lifes a bitch and then you die",
  "lafw": "listening but away from window",
  "lagnaf": "lets all get naked and f",
  "lago": "life always goes on",
  "laoj": "laughing at own joke",
  "laq": "lame ass quote",
  "lb": "like back",
  "lbh": "lets be honest",
  "lbr and lgr": "little boys room and little girls room",
  "lbs": "laughing but serious",
  "lbug": "laughing because youre gay",
  "lbig": "laughing because im gay",
  "ld": "long distance ",
  "ldimedilligaf": "look deeply into my eyes does it look like i give a f",
  "ldr": "long distance relationship",
  "ldttwa": "lets do the time warp again",
  "lesm": "law enforcement social media",
  "lf": "lets f",
  "lfl": "lady of leisure ",
  "lfti": "looking forward to it",
  "lfu": "lifes fed up",
  "lg": "lifes good ",
  "lgbt": "lesbian gay bisexual transgender",
  "lggbdtttiqqaapp": "lesbian gay genderqueer bisexual demisexual transgender transsexual twospirit intersex queer questioning asexual allies pansexual polyamorous",
  "lgmas": "lord give me a sign",
  "lgtm": "looks good to me",
  "lgy": "little girl yeah",
  "lh": "laughing hysterically",
  "lh6": "let\u2019s have sex",
  "l8r": "later",
  "lhk": "love hugs kisses",
  "lhm": "lord have mercy",
  "lho": "laughing head off",
  "lhos": "lets have online sex",
  "lhso": "lets have sex online",
  "lhu": "lets hook up",
  "lib": "lying in bed",
  "lifo": "last in first out",
  "lig": "let it go ",
  "lins": "laugh i nearly shat",
  "lir": "let it rest",
  "lis": "laughing in silence",
  "ljbf": "lets just be friends",
  "lkitr": "little kid in the room",
  "ll": "livin large",
  "llap": "live long and prosper",
  "llom": "like leno on meth",
  "llt": "looks like trouble",
  "llta": "lots and lots of thunderous applause",
  "lly": "licking love you",
  "lm46": "lets meet for sex",
  "lmao": "laughing my ass off",
  "lmbao": "laughing my black ass off",
  "lmbpo": "laughing my booty pop off",
  "lmfao": "laughing my fing ass off",
  "lmfo": "let me find out",
  "lmho": "laughing my head off",
  "lmirl": "lets meet in real life",
  "lmk": "let me know",
  "lmkhtwofy": "let me know how that works out for you",
  "lmoa": "left a message on your answering machine",
  "lmp": "lick my pussy",
  "lmr": "like my recent",
  "lms": "like my status ",
  "lmso": "laughing my socks off",
  "lmta": "like minds think alike",
  "lmtc": "left a message to contact",
  "lmtcb": "left message to call back",
  "lo": "hel",
  "loal": "life of a local",
  "lob": "lying on bed",
  "logo": "language of graphics oriented",
  "lok": "lots of kisses",
  "lol": "laughing out loud ",
  "lol wuss": "laugh out loud with unintentional snort sound",
  "lola": "laugh out loud again",
  "lololol": "laugh out loud out loud out loud",
  "lolpmp": "laugh out loud peed my pants",
  "lolz": "lots of laughs",
  "lombard": "lots of money but a right dick",
  "loml": "love of my life",
  "lonh": "lights on nobody home",
  "lool": "laughing outrageously out loud",
  "loomm": "laughing out of my mind",
  "lopsod": "long on promises short on delivery",
  "lore": "learn once repeat everywhere",
  "lou": "laughing over you",
  "love": "lots of voluntary effort",
  "lpc": "lead pipe cinch ",
  "lpos": "lazy piece of sh",
  "lrf": "little rubber feet",
  "lrt": "last retweet",
  "lsb": "life sucks balls",
  "lshitipal": "laughing so hard i think i peed a little",
  "lshmbh": "laughing so hard my belly hurts",
  "lsv": "language sex violence",
  "ltf": "lick the floor",
  "lthtt": "laughing too hard to type",
  "ltic": "laughing til i cry",
  "ltio": "laughing til i orgasm",
  "ltm": "laughing to myself",
  "ltns": "long time no see",
  "ltnt": "long time no type",
  "ltotd": "last tweet of the days",
  "ltr": "long term relationship",
  "ltrp": "long term relationship pussy",
  "lts": "laughing to self",
  "lttic": "look the teacher is coming",
  "lu": "locked up ",
  "luk": "good luck",
  "lulu": "locally undesireable land use",
  "lulz": "laughs or lulzsec",
  "lumtp": "love you more than pie",
  "lumu": "love you miss you",
  "lumumi": "love you miss you mean it",
  "luser": "loser",
  "lusm": "love you so much",
  "luv": "love",
  "lvl": "level",
  "lwr": "launch when ready",
  "lwu": "laughing with you",
  "lwys": "look what you started",
  "ly": "love you",
  "ly4e": "love you forever",
  "lya": "love you all",
  "lyaaf": "love you as a friend",
  "lyb": "love you babe",
  "lycylbb": "love you see you later bye bye",
  "lykyamy": "love you kiss you already miss you",
  "lyl": "love you lots",
  "lylab": "love you like a brother",
  "lylas": "love you like a sister",
  "lylb": "love you later bye",
  "lymi": "love you mean it",
  "lys": "love yourself",
  "lysouaq": "learn your sh or up and quit",
  "lysyb": "love ya see ya bye",
  "lywamh": "love you with all my heart",
  "m2ny": "me too not yet",
  "m4c": "meet for coffee",
  "m4m": "men for men ",
  "m4w": "men for women",
  "m8": "mate",
  "m8s": "mates",
  "ma": "mature audience",
  "maga": "make america great again",
  "mamil": "middle aged men in lycra",
  "maya": "most advanced yet accessible",
  "mb": "message board",
  "mbf": "must be following",
  "mbn": "must be nice",
  "mbrfn": "must be real fing nice",
  "mc": "misconnect",
  "mcm": "man crush monday",
  "md": "doctor of medicine ",
  "mdms": "million dollar mindset",
  "mdr": "mort de rire",
  "mego": "my eyes glaze over",
  "meh": "who cares whatever",
  "mejr": "my eyes just rolled",
  "merp": "modestly enlightened rich people",
  "mf": "my friend ",
  "mfbty": "my fans better than yours",
  "mfd": "multifunction device",
  "mfg": "mit freundlichen gruessen",
  "mfic": "mother fer in charge",
  "mfrc": "my fingers are crossed",
  "mfwic": "mother fer whos in charge",
  "mhbfy": "my heart bleeds for you",
  "mhhm": "uh huh ",
  "mhoty": "my hats off to you",
  "mhyf": "move how you feel",
  "mia": "missing in action",
  "mih": "make it happen",
  "mihap": "may i have your attention please",
  "mil": "motherinlaw",
  "milf": "mother id like to f",
  "mins": "minutes",
  "mirl": "meet in real life",
  "mistweet": "a tweet you regret you sent",
  "mitin": "more info than i needed",
  "miwi": "makes it worth it",
  "mkop": "my kind of place",
  "mla": "multiple letter acronym",
  "mlas": "my lips are sealed",
  "mlm": "giving the digital middle finger",
  "mlylt": "me love you long time",
  "mm": "market maker ",
  "mmha2u": "my most humble apologies to you",
  "mmk": "mmm ok",
  "mml": "made me laugh",
  "mmyt": "mail me your thoughts",
  "mo": "move on",
  "mof": "matter of fact",
  "mofo": "mother fer",
  "mompl": "moment please",
  "moobs": "man boobs",
  "mooc": "massive open online course",
  "moos": "member of the opposite sex",
  "mop": "moment please",
  "morf": "male or female",
  "mos": "mom over shoulder",
  "moss": "members of the same sex",
  "mot": "member of the tribe",
  "motas": "member of the appropriate sex",
  "motd": "message of the day",
  "motos": "members of the opposite sex",
  "motss": "members of the same sex",
  "mov": "my own views",
  "mpfb": "my personal f buddy",
  "mra": "moving right along",
  "mrm": "mens rights movement",
  "mrph": "mail the right place for help",
  "mrt": "modified retweet",
  "msg": "message",
  "msm": "main stream media ",
  "msmd": "monkey see monkey do",
  "msnuw": "miniskirt no underwear",
  "msta": "must see to appreciate",
  "mstm": "makes sense to me",
  "mt": "empty ",
  "mtbf": "mean time before failure",
  "mtf": "more to follow",
  "mtfbwy": "may the force be with you",
  "mtla": "my true love always",
  "mtmmfbwy": "may the micky mouse force be with you",
  "mtsbwy": "may the schwartz be with you",
  "mtsitn": "more than ships in the night",
  "mu": "miss you",
  "muah": "the sound of a kiss",
  "mwah": "the sound of a kiss",
  "mubar": "messed up beyond all recognition",
  "mulc": "miss you like crazy",
  "musl": "missing you sh loads",
  "musm": "miss you so much",
  "mva": "motor vehicle accident",
  "mva no pi": "motor vehicle accident with no personal injury",
  "mvo": "moving on",
  "mvto": "thank you",
  "mwbrl": "more will be revealed later",
  "mws": "my wife says",
  "myl": "mind your language",
  "myob": "mind your own business",
  "myt": "meet you there",
  "mywb": "make your world bigger",
  "n pic": "nice picture",
  "n1": "nice one",
  "n2m": "not to mention ",
  "n2mjchbu": "not too much just chillin how bout you",
  "na": "nice ass",
  "nab": "not a blonde",
  "nadt": "not a damn thing",
  "nagb": "nearly almost a good bridge",
  "nagi": "not a good idea",
  "nak": "nursing at keyboard",
  "nalopkt": "not a lot of people know that",
  "namailu": "not as much as i love you",
  "nascar": "nonathletic sport centered around rednecks",
  "natc": "not a text conversation",
  "natch": "naturally",
  "nato": "no action talk only",
  "navy": "never again volunteer yourself",
  "naz": "name address zip also means nasdaq",
  "nb": "nota bene",
  "nb4t": "not before time",
  "nbd": "no big deal",
  "nbfab": "not bad for a beginner",
  "nbfabs": "not bad for a bot stopper",
  "nbg": "no bloody good",
  "nbif": "no basis in fact",
  "nblfy": "nothing but love for you",
  "nbs": "no bull sh",
  "nc": "nice crib ",
  "ncbd": "new comic book day",
  "ncg": "new college graduate",
  "nd": "no date",
  "ndn": "indian",
  "ne": "any",
  "ne1": "anyone",
  "ne14kfc": "anyone for kfc",
  "ne1er": "anyone here",
  "ne2h": "need to have",
  "neet": "not currently engaged in employment education or training",
  "nef": "not even funny",
  "nej": "not even joking",
  "nesec": "any second",
  "nev": "neighborhood electric vehicle",
  "neweeter": "new tweeter",
  "news": "north east west south",
  "nfbsk": "not for british school kids",
  "nfc": "not favorably considered ",
  "nfe": "no fing excuses",
  "nff": "no fing fair",
  "nfg": "not fing good",
  "nfi": "no fing idea",
  "nfs": "need for sex ",
  "nft": "non fungible token ",
  "nfw": "no fing way ",
  "ng": "new game",
  "ngb": "nearly good bridge",
  "ngh": "not gonna happen",
  "ngl": "not gonna lie",
  "ngo": "nongovernmental organization aka ",
  "nh": "nice hand",
  "nhoh": "never heard of himher",
  "ni": "not interested",
  "ni4ni": "an eye for an eye",
  "nice": "nonsense in crappy existence",
  "nidl": "not interested dislike",
  "nifoc": "nude in front of the computer",
  "nigyysob": "now ive got you you son of a btch",
  "nih": "not invented here",
  "nim": "no internal message",
  "nimby": "not in my back yard",
  "nimjd": "not in my job description",
  "nimq": "not in my queue",
  "nimy": "never in a million years",
  "ninja": "no income no job nor assets",
  "nino": "nothing in nothing out ",
  "nism": "need i say more",
  "nitl": "not in this lifetime",
  "niywfd": "not in your wildest fing dreams",
  "njapf": "not just another pretty face",
  "nkd": "no kids died",
  "nlb": "non linear behavior",
  "nll": "nice little lady",
  "nltbro": "not likely to be run over",
  "nm": "never mind ",
  "nme": "enemy",
  "nmh": "not much here",
  "nmhjc": "not much here just chilling",
  "nmm": "nomakeupmonday",
  "nmp": "not my problem ",
  "nmte": "now more than ever",
  "mte": "my thoughts exactly",
  "nmu": "not much you",
  "nn": "not now ",
  "nncimintfz": "not now chief im in the f in zone",
  "nnr": "need not respond",
  "nnsh": "night night sweet heart",
  "nnww": "nudge nudge wink wink",
  "no": "not online",
  "no praw": "no problem",
  "no1": "no one",
  "noa": "not online anymore",
  "nofi": "no offence intended",
  "noob": "also seen as n00b ",
  "nos": "new old stock ",
  "noy": "not online yet",
  "noyb": "none of your business",
  "np": "no problem ",
  "nqa": "no questions asked",
  "nqocd": "not quite our class dear",
  "nr": "nice roll",
  "nrg": "energy",
  "nrn": "no reply necessary",
  "ns": "nice set ",
  "nsa": "no strings attached",
  "nsb": "not sure but",
  "nsfw": "not safe for work",
  "nss": "no sh sherlock",
  "nstlc": "need some tender loving care",
  "nta": "not this again",
  "ntabom": "now thats a bunch of malarkey",
  "ntb": "not too bright",
  "ntbm": "not to be missed",
  "ntbn": "no text back needed",
  "nth": "nothing",
  "ntim": "not that it matters",
  "ntimm": "not that it matters much",
  "ntk": "nice to know",
  "ntl": "nonetheless",
  "ntm": "not that much",
  "ntmu": "nice to meet you",
  "nttawwt": "not that theres anything wrong with that",
  "ntw": "not to worry",
  "ntymi": "now that you mention it",
  "nub": "new person to a site or game",
  "nuff": "enough",
  "nvm": "never mind",
  "nvng": "nothing ventured nothing gained",
  "nw": "no way",
  "nwal": "nerd without a life",
  "nwot": "new without tags",
  "nwr": "not work related",
  "nwt": "new with tags",
  "nyc": "not your concern",
  "nycfs": "new york city finger salute",
  "oao": "over and out",
  "oatus": "on a totally unrelated subject",
  "oaus": "on an unrelated subject",
  "ob": "obligatory",
  "obe": "overcome by events",
  "obnr": "open but not responded",
  "obo": "or best offer",
  "obs": "obviously",
  "obtw": "oh by the way",
  "obx": "old battle axe",
  "oc": "original character ",
  "ocd": "obsessive compulsive disorder",
  "od": "online date",
  "odtaa": "one damn thing after another",
  "ofap": "old fart at play",
  "ofc": "of course",
  "og": "original gangsta",
  "oh": "off hook",
  "ohf": "oh heck friends",
  "oic": "oh i see",
  "oicu812": "oh i see you ate one too",
  "oirwis": "oh i remember what i said",
  "oit": "old indian trick",
  "ok": "okay ",
  "ol": "old lady",
  "oll": "online love",
  "olli": "one life live it",
  "oln": "online netiquette",
  "olo": "only laughed once",
  "om": "old man",
  "omb": "oh my buddha",
  "omdb": "over my dead body",
  "ome": "oh my evolution",
  "omfg": "oh my fing god",
  "omg": "oh my god",
  "omik": "open mouth insert keyboard",
  "oml": "oh my lord",
  "omma": "oh my aching ass",
  "omw": "on my way ",
  "omwt": "on my way too",
  "onid": "oh no i didnt",
  "onna": "oh no not again",
  "onnta": "oh no not this again",
  "onud": "oh no you didnt",
  "oo": "over and out",
  "ooak": "one of a kind",
  "ooc": "out of character ",
  "oof": "out of facility",
  "ooi": "out of interest",
  "oomf": "one of my followers",
  "ooo": "out of office ",
  "oos": "out of stock",
  "oot": "out of touch",
  "ootb": "out of the box ",
  "ootc": "obligatory on topic comment",
  "ootd": "outfit of the day",
  "oott": "out of the loop",
  "ooyf": "one of your followers",
  "op": "original post",
  "osif": "oh sh i forgot",
  "osintot": "oh sh i never thought of that",
  "ost": "on second thought",
  "ot": "off topic",
  "otasoic": "owing to a slight oversight in construction",
  "otb": "only the brave",
  "otc": "over the counter",
  "otf": "on the floor ",
  "oth": "off the hook",
  "otl": "out to lunch",
  "otoh": "on the other hand",
  "otp": "on the phone",
  "ots": "on the scene ",
  "ott": "over the top",
  "ottomh": "off the top of my head",
  "otw": "on the way ",
  "ousu": "oh you shut up",
  "ova": "over",
  "owtte": "or words to that effect",
  "oz": "australia",
  "p2c2e": "process too complicated too explain",
  "p2u4uraqtp": "peace to you for you are a cutie pie",
  "p3r50n": "person",
  "p911": "parent alert",
  "pa": "parent alert",
  "pac": "political action committee",
  "pal": "parents are listening ",
  "pans": "pretty awesome new stuff",
  "pap": "post a picture",
  "part": "partial retweet",
  "patt": "party all the time",
  "paw": "parents are watching",
  "pax": "passengers",
  "pb": "potty break",
  "pbb": "parent behind back",
  "pbem": "play by email",
  "pbiab": "pay back is a bitch",
  "pbj": "peanut butter and jelly ",
  "pc": "personal computer ",
  "pcm": "please call me",
  "pcmcia": "people cant memorize computer industry acronyms",
  "pd": "public domain",
  "pda": "personal digital assistant ",
  "pdoma": "pulled directly out of my ass",
  "pdq": "pretty darn quick",
  "pds": "please dont shout",
  "pebcac": "problem exists between chair and computer",
  "pebcak": "problem exists between chair and keyboard",
  "peep": "people engaged and empowered for peace",
  "peeps": "people",
  "pen15": "it stands for penis",
  "pfa": "pulled from ass ",
  "pfc": "pretty fing cold",
  "pfm": "pure fing magic",
  "phat": "pretty hot and tempting",
  "phb": "pointy haired boss",
  "phs": "pointy haired stupidvisor",
  "piaps": "pig in a pant suit",
  "pibkac": "problem is between keyboard and chair",
  "picnic": "problem in chair not in computer",
  "pif": "paid in full",
  "pimp": "peeing in my pants ",
  "pimpl": "peeing in my pants laughing",
  "pin": "person in need ",
  "pir": "parent in room",
  "pita": "pain in the ass",
  "pitmemboam": "peace in the middle east my brother of another mother",
  "pix": "pictures ",
  "plo": "peace love out",
  "plokta": "press lots of keys to abort",
  "plos": "parents looking over shoulder",
  "pls": "please",
  "plu": "people like us",
  "plur": "peace love unity respect",
  "plz": "please",
  "pm": "personal message ",
  "pmbi": "pardon my butting in",
  "pmf": "pardon my french",
  "pmfji": "pardon me for jumping in",
  "pmht": "pardon my hashtag aka ",
  "pmigbom": "put mind in gear before opening mouth",
  "pmji": "pardon my jumping in",
  "pml": "pissing myself laughing",
  "pmn": "picking my nose",
  "pmp": "peeing my pants",
  "pmsl": "pissed myself laughing",
  "pnatmbc": "pay no attention to man behind the curtain",
  "pnattmbtc": "pay no attention to the man behind the curtain",
  "pncah": "please no cursing allowed here",
  "pnd": "possibly not definitely ",
  "po": "piss off",
  "poa": "plan of action",
  "poahf": "put on a happy face",
  "poak": "passed out at keyboard",
  "pod": "print on demand ",
  "poets": "piss off early tomorrows saturday",
  "politweet": "political tweet",
  "poms": "parent over my shoulder",
  "pona": "person of no account",
  "pop": "photo on profile point of purchasepresence post office protocol",
  "pos": "parent over shoulder ",
  "posc": "piece of sh computer",
  "posslq": "persons of the opposite sex sharing living quarters",
  "potato": "person over thirty acting twenty one",
  "pots": "plain old telephone system ",
  "potus": "president of the united states",
  "pov": "point of view",
  "pow": "prisoner of war",
  "pp": "personal problem",
  "ppc": "pay per click ",
  "ppl": "people ",
  "ppppppp": "prior proper planning prevents piss poor performance",
  "7p": "prior proper planning prevents piss poor performance",
  "pron": "porn",
  "prt": "party",
  "prw": "parents are watching",
  "ps": "post script",
  "psa": "public service announcement",
  "pse": "porn star experience",
  "pso": "product superior to operator",
  "ptat": "people talking about this",
  "pth": "prime tanning hours",
  "ptl": "praise the lord",
  "ptmm": "please tell me more",
  "ptoyed": "please turn off your electronic devices",
  "ptp": "pardon the pun ",
  "ptpop": "pat the pissed off primate",
  "pu": "that stinks",
  "puh": "personal umbrella handler",
  "push": "praying until something happens",
  "puter": "com",
  "pvp": "player versus player",
  "pw": "password",
  "pwas": "prayer wheels are spinning",
  "pwat": "pay with a tweet",
  "pwcb": "person will call back",
  "pwms": "playing with myself",
  "pwn": "own",
  "pwnt": "owned",
  "pwoms": "parent watching over my shoulder",
  "pwp": "plot what plot",
  "pyfb": "pay your fing bill",
  "pyop": "pray your own prayer",
  "q1": "first quarter",
  "q2c": "quick to cum",
  "q416": "quarter 4 in 2016",
  "qpsa": "que pasa",
  "q4u": "question for you",
  "qap": "quickly as possible",
  "qb": "quarter back",
  "qc": "quality control",
  "qed": "quod erat demonstrandum",
  "qfe": "quoted for emphasis",
  "qfmt": "quoted for more truth",
  "qft": "quoted for truth ",
  "qi": "quite interesting",
  "qix": "quick",
  "qk": "ninja",
  "ql": "quit laughing",
  "qls": "reply",
  "qotd": "quote of the day",
  "qotp": "quote of the post",
  "qq": "quick question ",
  "qs": "quit scrolling",
  "qt": "cutie ",
  "qyb": "quit your bitching",
  "r": "a",
  "raebnc": "read and enjoyed but no comment",
  "raf": "random as f",
  "rafo": "read and find out",
  "rat": "remotely activated trojan ",
  "rbay": "right back at you",
  "rbf": "referencing bitch face",
  "rbtl": "read between the lines",
  "rbu": "rainbows butterflies unicorns",
  "rc": "remote control",
  "rci": "rectal cranial inversion",
  "rdv": "readers digest version",
  "re": "regards ",
  "redlyfe": "repeat every day lifestyle",
  "rehi": "hi again",
  "reso": "reservation",
  "rfd": "request for discussion",
  "rfp": "request for proposal",
  "rfr": "really fing rich",
  "rfs": "really fing soon",
  "rgds": "regards",
  "rgr": "roger",
  "rhip": "rank has its privileges",
  "rhk": "roundhouse kick",
  "rimjs": "really im just saying",
  "rino": "republican in name only",
  "rip": "rest in peace aka big ",
  "riyl": "recommended if you like",
  "rkba": "right to keep and bear arms",
  "rl": "real life",
  "rlco": "real life conference",
  "rlf": "real life friend",
  "rlrt": "real life retweet",
  "rm": "remake",
  "rmb": "rings my bell",
  "rmetth": "rolling my eyes to the heavens",
  "rmlb": "read my lips baby",
  "rmma": "reading my mind again",
  "rmmm": "read my mail man",
  "rn": "right now",
  "rnn": "reply not necessary",
  "rny": "rainy",
  "rofl": "rolling on floor laughing",
  "roflmao": "rolling on floor laughing my ass off",
  "roflmaoastc": "rolling on floor laughing my ass off and scaring the cat",
  "roflol": "rolling on floor laughing out loud",
  "ror": "raffing out roud in scoobydoo dialect",
  "rotfl": "rolling on the floor laughing",
  "rotflmao": "rolling on the floor laughing my ass off",
  "rotflmfao": "rolling on the floor laughing my fing ass off",
  "rotflol": "rolling on the floor laughing out loud",
  "rotgl": "rolling on the ground laughing",
  "rotglmao": "rolling on the ground laughing my ass off",
  "rotm": "right on the money",
  "rpg": "role playing games",
  "rqb": "request quotation bidding",
  "rrq": "return receipt requested",
  "rrr": "har har har instead of lol",
  "rsn": "real soon now",
  "rsvp": "repondez sil vous plait",
  "rt": "real time ",
  "rta": "road traffic accident",
  "rtb": "returning to base",
  "rtbm": "read the bloody manual",
  "rtbs": "reason to be single",
  "rtfaq": "read the faq",
  "rtff": "read the fing faq",
  "rtfm": "read the fing manual",
  "rtfq": "read the fing question",
  "rth": "release the hounds",
  "rthx": "retweet thanks",
  "rtk": "return to keyboard",
  "rtm": "read the manual",
  "rts": "read the screen",
  "rtsm": "read the silly manual",
  "rtss": "read the screen stupid",
  "rttsd": "right thing to say dude",
  "rtwfq": "read the whole fing question",
  "ru": "are you",
  "rufkm": "are you fing kidding me",
  "ruh": "are you horny",
  "rumcymhmd": "are you on medication cause you must have missed a dose",
  "rumorf": "are you male or female",
  "runts": "are you nuts",
  "ruok": "are you ok",
  "rus": "are you serious",
  "rusos": "are you sos in trouble",
  "rut": "are you there",
  "ruup4it": "are you up for it",
  "rx": "regards",
  "ryfm": "read your friendly manual",
  "ryo": "roll your own",
  "rys": "read your screen",
  "s2g": "swear to god",
  "s2r": "send to receive",
  "s2u": "same to you",
  "s4b": "sh for brains",
  "s4l": "spam for life",
  "sadad": "suck a dick and die",
  "sahm": "stay at home mom",
  "saia": "stupid asses in action",
  "sanm": "starting a new message",
  "sapfu": "surpassing all previous foul ups",
  "sb": "stand by",
  "sbi": "sorry bout it",
  "sbta": "sorry being thick again",
  "sbug": "small bald unaudacious goal",
  "sc": "stay cool",
  "scnr": "sorry could not resist",
  "scotus": "supreme court of the united states",
  "scuicht": "so coked up i can hardly type",
  "sdc": "saturday or sunday drinking club",
  "sdfb": "smoke dope f btches",
  "sdfs": "second day first show",
  "sdk": "scottie doesnt know ",
  "sec": "wait a ",
  "sed": "said enough darling",
  "seg": "sh eating grin",
  "sep": "somebody elses problem",
  "serpt": "soul eater roleplaying team",
  "sete": "smiling ear to ear",
  "sewag": "scientifically engineered wild ass guess",
  "sex": "sun users group ",
  "sf": "surfer friendly ",
  "sfaiaa": "so far as i am aware",
  "sfb": "sh for brains",
  "sfete": "smiling from ear to ear",
  "sfla": "stupid four letter acronym",
  "sfp": "sorry for partying",
  "sfttm": "stop fing talking to me",
  "sftw": "sorry for the wait",
  "sfx": "sound effects ",
  "sgtm": "sounds good to me",
  "sh": "sh happens",
  "shb": "should have been",
  "shhh": "quiet",
  "shid": "slap head in disgust",
  "shit": "sugar honey ice tea",
  "shmily": "see how much i love you",
  "sht": "so hot",
  "shtf": "sh hits the fan",
  "shwaslomf": "sitting here with a straight look on my face",
  "shxp": "shakespeare",
  "sia": "say it again",
  "sic": "spelling is correct",
  "sicl": "sitting in chair laughing",
  "sics": "sitting in chair snickering",
  "sii": "seriously impaired imagination",
  "sil": "sisterinlaw",
  "sin": "stop it now",
  "sip": "skiing in powder",
  "sird": "sorry incorrect recipient disregard",
  "sit": "stay in touch",
  "sitcom": "single income two children oppressive mortgage",
  "sitd": "still in the dark",
  "situbi": "say it til you believe it",
  "siup": "suck it up pussy",
  "siuya": "shove it up your ass",
  "siy": "search inside yourself",
  "sj": "strong jaws",
  "sk8er": "skater",
  "sk8r": "skater",
  "sk8": "skate",
  "stats": "your sex and age",
  "sknkr": "skincare",
  "skye": "school kills your entertainment",
  "sl": "second life",
  "slan": "goodbye",
  "slap": "sounds like a plan ",
  "slaw": "sounds like a winner",
  "slirk": "smart little rich kid",
  "slm": "see last mail",
  "slom": "sticking leeches on myself",
  "slt": "something like that",
  "sm": "senior moment",
  "sm1": "someone",
  "smaim": "send me an instant message",
  "smao": "sweating my ass off",
  "smart": "selfmonitoring analysis and reporting technology",
  "smb": "suck my balls",
  "smb2b": "small business business to business",
  "smc": "self made celebrate",
  "smd": "suck my dick",
  "sme": "subject matter expert",
  "smem": "send me email",
  "smh": "shaking my head ",
  "smhd": "shaking my head in disbelief",
  "smilf": "single mother id like to fuck",
  "smim": "send me an instant message",
  "smize": "smile with your eyes",
  "sml": "slap my leg",
  "smop": "small matter of programming",
  "smt": "something",
  "sn": "side note",
  "snafu": "situation normal all fed up",
  "snag": "sensitive new age guy",
  "snert": "snotty nosed egotistical rotten teenager",
  "snh": "sarcasm noted here",
  "snif": "simple nice index file",
  "snl": "same night lay",
  "snnshwrs": "sun showers",
  "snny": "sunny",
  "so": "significant other",
  "sob": "son of a btch",
  "sobt": "stressed out big time",
  "soddi": "some other dude did it",
  "soe": "start of exams",
  "sogop": "sh or get off the pot",
  "soh": "sense of humor",
  "sohf": "sense of humor failure",
  "soho": "small office home office",
  "soi": "self owning idiot",
  "soiar": "sit on it and rotate",
  "soic": "so i see",
  "sok": "its ok",
  "sol": "sh out of luck ",
  "solomo": "social local mobile",
  "some1": "someone",
  "somf": "sit on my face",
  "somy": "sick of me yet",
  "sooya": "snake out of your ass",
  "sop": "standard operating procedure",
  "sorg": "straight or gay",
  "sos": "same old sh ",
  "sosad": "same old song and dance",
  "sosc": "someone snapchat",
  "sot": "short on time",
  "sotmg": "short on time must go",
  "sow": "speaking of which ",
  "soz": "sorry",
  "spat": "some people are trains",
  "speet": "spam tweet",
  "spk": "speak",
  "spoc": "single point of contact",
  "spt": "sorry predictive text",
  "srlb": "spoiled rotten little brat",
  "sro": "standing room only",
  "sroi": "social return on investment",
  "srsly": "seriously",
  "sry": "sorry",
  "ssa": "ass backwards",
  "ssc": "super sexy cute",
  "ssdd": "same sh different day",
  "ssewba": "someday soon everything will be acronyms",
  "ssia": "subject says it all",
  "sta": "short term attitude",
  "stars": "sorry thank you action recover share",
  "stbh": "short to be honest",
  "stbx": "soon to be ex",
  "stby": "sucks to be you",
  "std": "seal the deal save the date sexually transmitted disease stuff to do",
  "stem": "science technology engineering math",
  "stfu": "shut the f up",
  "stfw": "search the fing web",
  "stg": "swear to god",
  "sth": "something",
  "sthu": "shut the hell up",
  "stm": "spank the monkey",
  "stml": "short term memory loss",
  "stow": "some type of way",
  "stppynozgtw": "stop picking your nose get to work",
  "str8": "straight",
  "sts": "so to speak",
  "stst": "sweet tea sweetie",
  "stw": "search the web",
  "stys": "speak to you soon",
  "su": "shut up",
  "suac": "sh up a creek",
  "suakm": "shut up and kiss me",
  "sub": "shut up bitch",
  "sufi": "super finger ",
  "sufid": "screwing up face in disgust",
  "sul": "snooze you lose",
  "sup": "whats up",
  "sux": "sucks",
  "suyf": "shut up you fool",
  "swag": "scientific wild ass guess software and giveaways stuff we all get",
  "swak": "sealed or sent with a kiss",
  "swalbcakws": "sealed with a lick because a kiss wont stick",
  "swalk": "sealed with a loving kiss",
  "swdyt": "so what do you think",
  "swf": "single white female",
  "swim": "see what i mean",
  "swis": "see what im saying",
  "swit": "sit and sweat",
  "swl": "screaming with laughter",
  "swmbo": "she who must be obeyed",
  "swot": "strengths weaknesses opportunities threats",
  "swu": "so whats up",
  "swyp": "so what\u2019s your problem",
  "sxe": "straight edge",
  "syk": "so you know",
  "syl": "see you later",
  "sys": "see you soon",
  "syt": "see you tomorrow",
  "t2go": "time to go",
  "t2ul": "talk to you later",
  "t2ut": "talk to you tomorrow",
  "t4p": "thanks for posting",
  "ta": "thanks again",
  "tabom": "thats a bunch of malarkey",
  "tabooma": "take a bite out of my ass",
  "taf": "thats all folks",
  "tafn": "thats all for now",
  "tah": "take a hike",
  "tahitmots": "theres a hole in the middle of the sea",
  "taks": "thats a knee slapper",
  "tam": "thanks a million",
  "tanj": "there aint no justice",
  "tansit": "theres a new sheriff in town",
  "tanstaafl": "there aint no such thing as a free lunch",
  "tap": "take a pill",
  "tarfu": "things are really fed up",
  "tas": "taking a shower",
  "taw": "teachers are watching",
  "tayn": "thinking about you now",
  "tb": "titty bar",
  "tba": "to be announced ",
  "tbc": "to be continued",
  "tbd": "to be determined ",
  "tbe": "thick between ears",
  "tbh": "to be honest",
  "tbiu": "the bitch is ugly",
  "tbt": "throwback thursday",
  "tbu": "thinking bout you",
  "tbyb": "try before you buy",
  "tc": "take care ",
  "tcb": "trouble came back ",
  "tcfhog": "too cute for his own good",
  "tck": "third culture kid",
  "tcob": "taking care of business",
  "tcoy": "take care of yourself",
  "tdm": "too darn many",
  "tdtm": "talk dirty to me ",
  "teog": "the edge of glory",
  "teotwawki": "the end of the world as we know it",
  "tf": "too funny ",
  "tfa": "twenty fifth amendment",
  "tfds": "thats for darn sure",
  "tff": "twitter follower friend",
  "tfh": "thread from hell",
  "tflms": "thanks for letting me share",
  "tfm": "thanks from me",
  "tfmiu": "the fing manual is unreadable",
  "tfn": "thanks for nothing ",
  "tfs": "thanks for sharing ",
  "tftc": "thanks for the cache",
  "tfthaot": "thanks for the help ahead of time",
  "tftt": "thanks for the thought",
  "tftu": "thanks for the update",
  "tfw": "that feeling when",
  "tfx": "traffic",
  "tfys": "the f you say",
  "tg4a": "thank god for acronyms",
  "tgal": "think globally act locally",
  "tgfad": "thank god for another day",
  "tggtg": "that girlguy has got to go",
  "tgic": "this girl is crazy",
  "tgif": "thank god its friday",
  "tgim": "thank god its monday",
  "tgtsio": "thank god the sun is out",
  "thot": "that ho over there",
  "thx": "thanks",
  "tx": "thanks",
  "thks": "thanks",
  "tia": "thanks in advance",
  "tiail": "think i am in love",
  "tic": "tongue in cheek",
  "tigas": "think i give a sh",
  "til": "today i learned",
  "tilf": "teacher id like to f",
  "tilii": "tell it like it is",
  "time": "tears in my eyes",
  "timiti": "try it measure it tweak it",
  "tingle": "taken  single",
  "tingtes": "there is no gravity the earth sucks",
  "tinwis": "that is not what i said",
  "tisc": "this is so cool",
  "tisl": "this is so lame",
  "tisnc": "this is so not cool",
  "tisnf": "that is so not fair",
  "tisnt": "that is so not true",
  "tjbnj": "this job beats no job",
  "tk": "to come",
  "tko": "technical knock out",
  "tku4uk": "thank you for your kindness",
  "tla": "three letter acronym",
  "tlc": "tender loving care",
  "tlgo": "the list goes on",
  "tlitbc": "thats life in the big city",
  "tlk2ul8r": "talk to you later",
  "tltr": "too long to read",
  "tm": "trust me",
  "tma": "too many acronyms",
  "tmalss": "to make a long story short",
  "tmb": "tweet me back",
  "tmi": "too much information",
  "tmsaisti": "thats my story and im sticking to it",
  "tmsgo": "too much sh going on",
  "tmtowtdi": "theres more than one way to do it",
  "tmtt": "too much to type",
  "tna": "temporarily not available",
  "tnc": "tongue in cheek",
  "tnln": "took nothing left nothing",
  "tno": "tell no one",
  "tnt": "til next time",
  "tntl": "trying not to laugh",
  "tnx": "thanks",
  "to go nookleer": "to explode",
  "tobal": "there oughta be a law",
  "tobg": "this oughta be good",
  "tom": "tomorrow",
  "tomtb": "taking off my training bra",
  "toon": "short for cartoon",
  "topca": "til our paths cross again",
  "tot": "tons of time",
  "toy": "thinking of you",
  "tp": "team player ",
  "tpc": "the phone company",
  "tpiyp": "to put in your prayers",
  "tps": "thats pretty stupid",
  "tpt": "trailor park trash",
  "tptb": "the powers that be",
  "tqm": "total quality management",
  "tqrt": "thanks for the retweet",
  "tram": "the rest are mine",
  "trdmc": "tears running down my cheeks",
  "tripdub": "www",
  "trndo": "tornado",
  "troo": "true",
  "trp": "television rating points",
  "ts": "tough sh ",
  "tsb": "tall sexy beautiful",
  "tsh": "too stinkin hot",
  "tsia": "this says it all",
  "tsif": "thank science its friday",
  "tsnf": "thats so not fair",
  "tsob": "tough son of a btch",
  "tsr": "totally stuck in ram ",
  "tsra": "two shakes of a rats ass",
  "tstb": "the sooner the better",
  "tstl": "to stupid to live",
  "tt": "big tease",
  "tta": "tap that ass",
  "ttbomk": "to the best of my knowledge",
  "ttfn": "ta ta for now",
  "ttg": "time to go",
  "ttiot": "the truth is out there",
  "ttksf": "trying to keep a straight face",
  "ttmf": "ta ta mofo",
  "tts": "text to speech",
  "ttt": "thats the ticket ",
  "ttth": "talk to the hand",
  "ttthtfal": "talk to the hand the face aint listening",
  "tttka": "time to totally kick ass",
  "tttt": "to tell the truth",
  "ttul": "talk to you later",
  "ttyawfn": "talk to you a while from now",
  "ttyiaf": "talktype to you in a few",
  "ttyl": "talk to you later ",
  "ttyl8r": "talk to you later",
  "ttylxoxo": "talk to you later hugs and kisses",
  "ttyob": "tend to your own business",
  "ttys": "talk to you soon",
  "ttyt": "talk to you tomorrow",
  "tu": "toes up as in dead",
  "tvm4yem": "thank you very much for your email",
  "tw": "tweet",
  "twars": "twitter wars",
  "twd": "texting while driving",
  "twhab": "this wont hurt a bit",
  "twhe": "the walls have ears",
  "twimc": "to whom it may concern",
  "twit": "thats what i thought",
  "twita": "thats what im talking about",
  "twiwi": "that was interesting wasnt it",
  "twss": "thats what she said",
  "twtr": "twitter",
  "twu": "thats whats up",
  "txs": "thanks",
  "txt": "text",
  "txt im": "text instant message",
  "txt msg": "text message",
  "ty": "thank you",
  "tyclo": "turn your caps lock off",
  "tyff": "thank you for following",
  "tyg": "there you go ",
  "tyl": "text you later ",
  "tyvm": "thank you very much",
  "u": "you",
  "u up": "are yo",
  "u2": "you too",
  "u4e": "yours forever",
  "u8": "you ate",
  "uaya": "use as you are",
  "ubs": "unique buying state",
  "ucwap": "up a creek without a paddle",
  "udh82bme": "youd hate to be me",
  "udk": "you dont know",
  "udm": "youre the man",
  "ufn": "until further notice",
  "ufuf": "you f you fix",
  "ug2bk": "youve got to be kidding",
  "ugc": "usergenerated content",
  "ugfsu": "your girlfriends ugly",
  "ugtr": "you got that right",
  "umk": "you must know",
  "unf": "universal noise of fucking",
  "unoit": "you know it",
  "unpc": "unpolitically correct",
  "unt": "until next time",
  "untco": "you need to chill out",
  "uok": "are you ok",
  "upod": "under promise over deliver",
  "ur": "you are",
  "ur2k": "you are too kind",
  "urapita": "you are a pain in the ass",
  "ursai": "you are such an idiot",
  "urw": "you are welcome",
  "urws": "you are wise",
  "uryy4m": "you are too wise for me",
  "urz": "yours",
  "usc": "up sh creek",
  "uscwap": "up sh creek without a paddle",
  "usp": "unique selling proposition",
  "utm": "you tell me",
  "uv": "unpleasant visual",
  "uwiwu": "you wish i was you",
  "uwm": "you want me",
  "ux": "user experience aka ue",
  "vbd": "very big deal",
  "vbg": "very big grin",
  "vbmg": "very big mischievous grin",
  "vbs": "very big smile",
  "vc": "venture capital",
  "vcda": "vaya con dios amigo",
  "veg": "very evil grin",
  "vfm": "value for money",
  "vgn": "vegan ",
  "vilf": "voter id like to f",
  "vim": "very important member",
  "vip": "very important person",
  "viv": "very important visitor",
  "vm": "voice mail",
  "vma": "very much alive",
  "vod": "video on demand",
  "vrbs": "virtual reality bull sh",
  "vsf": "very sad face",
  "vvs": "vertical video syndrome",
  "vwd": "very well done",
  "vwp": "very well played",
  "w wult": "what would you like to talk about",
  "w00t": "we own the other team",
  "w4m": "women for men",
  "w8": "wait",
  "w9": "wife in room",
  "wabi": "what a bright idea",
  "waboc": "what a bunch of crap",
  "wabom": "what a bunch of malarkey",
  "waci": "what a cool idea",
  "wad": "without a doubt",
  "wadi": "what a dumb idea",
  "wadr": "with all due respect",
  "waef": "when all else fails",
  "wafb": "what a fing bitch",
  "wafm": "what a fing mess",
  "wafs": "warm and fuzzies",
  "wafu": "what a f up",
  "wag": "wild ass guess ",
  "wags": "wives and girlfriends of sports stars",
  "wai": "what an idiot",
  "wak": "what a kiss",
  "wambam": "web application meets brick and mortar",
  "wan2": "want to",
  "wap": "wireless application protocol or wet ass pussy",
  "was": "what a slut",
  "wati": "what a terrible idea",
  "watn": "where are they now",
  "waw": "waiteractorwebmaster ",
  "wawi": "what a wonderful idea",
  "way": "where are you",
  "wayd": "what are you doing",
  "wayn": "where are you now",
  "wb": "welcome back ",
  "wbos": "we build our society",
  "wbs": "write back soon",
  "wbu": "what bout you",
  "wc": "who cares ",
  "wca": "who cares anyway",
  "wckd": "wicked",
  "wcmtsu": "we cant make this sh up",
  "wcw": "woman crush wednesday",
  "wd": "well done",
  "wdalyic": "who died and left you in charge",
  "wddd": "woopie doo da dey",
  "wdily": "why do i love you",
  "wdr": "with due respect",
  "wdt": "who does that",
  "wdyjs": "what did you just say",
  "wdym": "what do you mean",
  "wdymbt": "what do you mean by that",
  "wdys": "what did you say",
  "wdyt": "what do you think",
  "we": "whatever",
  "weg": "wicked evil grin",
  "wenja": "when do you",
  "werja": "where do you",
  "werru": "where are you",
  "werubn": "where have you been",
  "wetsu": "we eat this sh up",
  "wf": "way fun",
  "wfh": "work from home",
  "wfm": "works for me",
  "wg": "wicked grin",
  "wgaff": "who gives a flying f",
  "wgmgd": "what gets measured gets done",
  "whydtm": "what have you done to me",
  "wibamu": "well ill be a monkeys uncle",
  "wibni": "wouldnt it be nice if",
  "wiifm": "whats in it for me",
  "wiify": "whats in it for you",
  "wiiwii": "well it is what it is",
  "wilb": "workplace internet leisure browsing",
  "wilco": "will comply",
  "wim": "woe is me",
  "wip": "work in process",
  "wirld": "world",
  "wisp": "winning is so pleasureable",
  "wit": "wordsmith in training",
  "witfits": "what in the f is this sh",
  "witw": "what in the world",
  "wiu": "wrap it up",
  "wk": "week",
  "wkewl": "way cool",
  "wknd": "weekend",
  "wkyp": "will keep you posted",
  "wlmirl": "would like to meet in real life",
  "wlu": "wicked love you",
  "wlu2": "wicked love you too",
  "wmby": "what makes you beautiful",
  "wmhgb": "where many have gone before",
  "wmmows": "wash my mouth out with soap",
  "wmpl": "wet my pants laughing",
  "wndy": "windy",
  "wnohgb": "where no one has gone before",
  "woa": "work of art",
  "wog": "wise old guy  nonscientologist",
  "wom": "word of mouth ",
  "wombat": "waste of money brains and time",
  "womobijo": "working mother with a big job",
  "womw": "watch on my wrist",
  "woof": "well off older folks",
  "woot": "we own the other team",
  "wop": "with out papers",
  "wot": "waste of time",
  "wotam": "waste of time and money",
  "wotd": "word of the day",
  "wp": "well played",
  "wrm": "warm",
  "wrt": "with regard to ",
  "wru": "where are you",
  "wrud": "what are you doing",
  "wrudatm": "what are you doing at the moment",
  "wsu": "what say you",
  "wt": "without thinking ",
  "wtas": "wanna take a shower",
  "wtb": "want to buy ",
  "wtdb": "whats the difference between",
  "wtf": "what the fuck",
  "wtfdyjs": "what the f did you just say",
  "wtfgda": "way to fing go dumb ass",
  "wtfh": "what the fing hell",
  "wtfwycm": "why the f would you call me",
  "wtfytt": "who the f you talking to",
  "wtg": "way to go",
  "wtgp": "want to go private",
  "wth": "what the heck",
  "wthin": "what the hell is next",
  "wthow": "white trash headline of the week",
  "wtmc": "what the mother c",
  "wtmi": "way too much information",
  "wtn": "what then now ",
  "wts": "want to sell",
  "wtsds": "where the sun dont shine",
  "wtshtf": "when the sh hits the fan",
  "wttm": "without thinking too much",
  "wttp": "want to trade pictures",
  "wtwt": "what to watch tonight",
  "wu": "whats up",
  "wubb": "whats up baby boy",
  "wubg": "whats up baby girl",
  "wud": "what you doing",
  "wuf": "where you from",
  "wut": "wonderful useless turd",
  "wuwh": "wish you were here",
  "wuwhima": "wish you were here in my arms",
  "wuz": "was",
  "wuz4dina": "whats for dinner",
  "wuzup": "whats up",
  "wwba": "what would be accurate",
  "wwd": "what went down",
  "wwg1wga": "where we go 1 we go all",
  "wwjd": "what would jesus do",
  "wwno": "walker wheels need oil",
  "wwsd": "what would satan do",
  "wwtt": "world wide trending topic ",
  "www": "world wide web ",
  "wwy": "where were you",
  "wx": "weather",
  "wycm": "will you call me",
  "wyd": "what you doing",
  "wyfm": "would you f me",
  "wygiswypf": "what you get is what you pay for",
  "wym": "what do you mean",
  "wymyn": "women",
  "wyp": "whats your problem",
  "wyrn": "whats your real name",
  "wys": "whatever you say",
  "wysilob": "what you see is a load of bullocks",
  "wysiwyg": "what you see is what you get",
  "wyslpg": "what you see looks pretty good",
  "wyt": "whatever you think",
  "wytb": "wish you the best",
  "wyw": "wish you well",
  "wywh": "wish you were here",
  "x": "times",
  "xaxa": "ha ha",
  "xbf": "exboyfriend",
  "xc": "cross country",
  "xl": "extra large",
  "xlnt": "excellent",
  "xme": "excuse me",
  "xo": "kiss hug",
  "xoxo": "hugs and kisses",
  "xoxozzz": "hugs and kisses and sweet dreams",
  "xqzt": "exquisite",
  "xtc": "ecstasy",
  "xxcc": "kiss kiss hug hug",
  "y": "why ",
  "ya": "yet another ",
  "ya yaya": "yet another yaya as in yoyo",
  "yaba": "yet another bloody acronym",
  "yacc": "yet another calendar company",
  "yaf": "young angry female",
  "yafiygi": "you asked for it you got it",
  "yahoo": "you always have other options",
  "yajwd": "you aint just whistling dixie",
  "yaotm": "yet another off topic message",
  "yarbwyr": "youre a right bleedn wanker you are",
  "yatfm": "you are too fing much",
  "yati": "youre a total idiot",
  "yaun": "yet another unix nerd",
  "yb": "you btch",
  "ybf": "youve been fed",
  "ybs": "youll be sorry",
  "yby": "yeah baby yeah",
  "ybysa": "you bet your sweet ass",
  "ycmtsu": "you cant make this sh up",
  "ycmu": "you crack me up",
  "yct": "your comment to",
  "ydkm": "you dont know me",
  "yeppies": "young experimenting perfection seekers",
  "yf": "wife",
  "ygbk": "you gotta be kidding",
  "ygbsm": "you gotta be shing me",
  "yglt": "youre gonna love this",
  "ygm": "youve got mail",
  "ygtbk": "youve got to be kidding",
  "ygti": "you get the idea",
  "ygwypf": "you get what you pay for",
  "yhm": "you have mail",
  "yic": "yours in christ",
  "yimby": "yes in my back yard",
  "yite": "are you all right",
  "yiu": "yes i understand",
  "yiwgp": "yes i will go private",
  "ykw": "you know what",
  "ykwim": "you know what i mean",
  "ylh": "your loving husband",
  "yllo": "you lie like obama",
  "ylw": "your loving wife",
  "ym": "your mother ",
  "ymak": "you may already know",
  "ymal": "you might also like",
  "ymbkm": "you must be kidding me",
  "ymmd": "you make my day ",
  "ymmv": "your mileage may vary",
  "ymybnycsii": "you made your bed now you can sleep in it",
  "yngbt": "youre not gonna believe this",
  "yni": "you name it",
  "ynk": "you never know",
  "yobwoc": "young obnoxious bastard we often con",
  "yoco": "your only cute online",
  "yofo": "youre only famous online",
  "yolo": "you only live once",
  "yooper": "someone from up",
  "yoyo": "youre on your own",
  "yr": "yeah right ",
  "yro": "your rights online",
  "yryocc": "youre running on your own cuckoo clock",
  "ys": "you stinker",
  "ysan": "youre such a nerd",
  "ysdiw8": "why should i wait",
  "ysic": "why should i care",
  "ysk": "you should know",
  "ysvw": "youre so very welcome",
  "ysyd": "yeah sure you do",
  "ytb": "youre the best",
  "ytrnw": "yeah thats right now what",
  "yts": "youre too slow ",
  "yttm": "you talk too much",
  "yttt": "you telling the truth",
  "yttwroomm": "you took the words right out of my mouth",
  "yumpi": "young upwardly mobile professional idiot",
  "yuppies": "young urban professionals",
  "yvw": "youre very welcome",
  "yw": "youre welcome",
  "ywia": "youre welcome in advance",
  "yy4u": "too wise for you",
  "yyssw": "yeah yeah sure sure whatever",
  "z": "said",
  "zerg": "to gang up on someone",
  "zmg": "oh my god",
  "zomg": "oh my god",
  "zzz": "sleeping bored tired"
}